{"cameraMode":{"drawMode":0,"name":"Shaded","section":"Shading Mode"},"sceneLighting":true,"audioPlay":false,"sceneViewState":{"showFog":true,"showMaterialUpdate":false,"showSkybox":true,"showFlares":true,"showImageEffects":true,"showParticleSystems":true,"showVisualEffectGraphs":true,"m_FxEnabled":true},"in2DMode":false,"pivot":{"x":0.19610953330993653,"y":0.2470766305923462,"z":-0.42462825775146487},"rotation":{"x":-0.01838350109755993,"y":0.957923948764801,"z":-0.27941077947616579,"w":-0.06302551925182343},"size":0.90739506483078,"orthographic":false}