{"cameraMode":{"drawMode":0,"name":"Shaded","section":"Shading Mode"},"sceneLighting":true,"audioPlay":false,"sceneViewState":{"showFog":true,"showMaterialUpdate":false,"showSkybox":true,"showFlares":true,"showImageEffects":true,"showParticleSystems":true,"showVisualEffectGraphs":true,"m_FxEnabled":true},"in2DMode":false,"pivot":{"x":0.10373274981975556,"y":0.30553698539733889,"z":-0.44418275356292727},"rotation":{"x":-0.01240553054958582,"y":0.9503955841064453,"z":-0.3084350526332855,"w":-0.03822573646903038},"size":1.207395076751709,"orthographic":false}