{"cameraMode":{"drawMode":0,"name":"Shaded","section":"Shading Mode"},"sceneLighting":true,"audioPlay":false,"sceneViewState":{"showFog":true,"showMaterialUpdate":false,"showSkybox":true,"showFlares":true,"showImageEffects":true,"showParticleSystems":true,"showVisualEffectGraphs":true,"m_FxEnabled":true},"in2DMode":false,"pivot":{"x":-1.4901161193847657e-7,"y":-0.0000024810433387756349,"z":2.086162567138672e-7},"rotation":{"x":0.24494758248329163,"y":0.015996482223272325,"z":-0.004042002372443676,"w":0.9693958759307861},"size":1.3762435913085938,"orthographic":true}