{"cameraMode":{"drawMode":0,"name":"Shaded","section":"Shading Mode"},"sceneLighting":true,"audioPlay":false,"sceneViewState":{"showFog":true,"showMaterialUpdate":false,"showSkybox":true,"showFlares":true,"showImageEffects":true,"showParticleSystems":true,"showVisualEffectGraphs":true,"m_FxEnabled":true},"in2DMode":false,"pivot":{"x":0.12715183198451997,"y":-0.949591875076294,"z":-0.7818901538848877},"rotation":{"x":-0.04360561445355415,"y":0.924281895160675,"z":-0.36255183815956118,"w":-0.11116716265678406},"size":1.4089019298553467,"orthographic":false}